"Staper","Fresgn","Datasgn","Eftm0101","Eftm0102","Eftm0103","Eftm0106","Eftm0107","Eftm0108","Eftm0109"
"1994-08","M","A","20251000","10038000","10213000","","","",""
"1994-09","M","A","19706000","9216000","10490000","","","",""
"1994-10","M","A","19827000","9396000","10431000","","","",""
"1994-11","M","A","23000000","10400000","12600000","","","",""
"1994-12","M","A","36446000","17940000","18506000","","","",""
"1995-01","M","B","15680000","6490000","8190000","","","",""
"1995-01","M","A","15680000","6490000","8190000","","","",""
"1995-02","M","A","16040000","7140000","9900000","","","",""
"1995-02","M","B","31720000","13630000","18090000","","","",""
"1995-03","M","B","54846000","23876000","30969000","","","",""
"1995-03","M","A","23126000","10246000","12879000","","","",""
"1995-04","M","A","22300000","10300000","12000000","","","",""
"1995-04","M","B","77146000","34176000","42969000","","","",""
"1995-05","M","A","24330000","11497000","12833000","","","",""
"1995-05","M","B","101476000","45673000","55802000","","","",""
"1995-06","M","B","126466000","56630000","69840000","","","",""
"1995-06","M","A","24990000","10957000","14038000","","","",""
"1995-07","M","A","23402000","11130000","12272000","","","",""
"1995-07","M","B","149868000","67760000","82112000","","","",""
"1995-08","M","A","24119000","11588000","12532000","","","",""
"1995-08","M","B","173987000","79348000","94644000","","","",""
"1995-09","M","A","23731000","11299000","12431000","","","",""
"1995-09","M","B","197718000","90647000","107075000","","","",""
"1995-10","M","A","23319000","10976000","12343000","","","",""
"1995-10","M","B","221037000","101623000","119418000","","","",""
"1995-11","M","A","24225000","12047000","12178000","","","",""
"1995-11","M","B","245262000","113670000","131596000","","","",""
"1995-12","M","A","35719000","18474000","17245000","","","",""
"1995-12","M","B","280981000","132144000","148841000","","","",""
"1996-01","M","A","19297126","10131677","9165449","","","",""
"1996-01","M","B","19297126","10131677","9165449","","","",""
"1996-02","M","B","36098111","18268888","17829223","","","",""
"1996-02","M","A","16791091","8137210","8653880","","","",""
"1996-03","M","A","21542159","11135049","10407110","","","",""
"1996-03","M","B","57653227","29403932","28249295","","","",""
"1996-04","M","A","22307550","10925868","11381682","","","",""
"1996-04","M","B","79960777","40329800","39630977","","","",""
"1996-05","M","B","104070896","52277489","51793407","","","",""
"1996-05","M","A","24165096","12009650","12155446","","","",""
"1996-06","M","A","23174458","10908863","12265595","","","",""
"1996-06","M","B","127240566","63182448","64058118","","","",""
"1996-07","M","A","23730445","11304687","12425757","","","",""
"1996-07","M","B","150954153","74476062","76478092","","","",""
"1996-08","M","B","176227492","85615340","90612152","","","",""
"1996-08","M","A","25273350","11139011","14134338","","","",""
"1996-09","M","A","23713300","10294161","13419139","","","",""
"1996-09","M","B","199931930","95904236","104027694","","","",""
"1996-10","M","B","226434053","107212289","119221764","","","",""
"1996-10","M","A","26527628","11308585","15219043","","","",""
"1996-11","M","A","25242647","11622138","13620509","","","",""
"1996-11","M","B","251590217","118807413","132782804","","","",""
"1996-12","M","A","38354000","20028000","18326000","","","",""
"1996-12","M","B","290118850","138944899","151173948","","","",""
"1997-01","M","A","21669142","9976762","11692381","","","",""
"1997-01","M","B","21669142","9976762","11692381","","","",""
"1997-02","M","B","39200755","17704904","21495851","","","",""
"1997-02","M","A","17575612","7728966","9846646","","","",""
"1997-03","M","B","64293205","28786724","35506481","","","",""
"1997-03","M","A","25144515","11097881","14046635","","","",""
"1997-04","M","B","90293393","40002034","50291360","","","",""
"1997-04","M","A","26014707","11220057","14794650","","","",""
"1997-05","M","A","26750723","11558353","15192370","","","",""
"1997-05","M","B","117036888","51560876","65476011","","","",""
"1997-06","M","A","26593176","11219911","15373265","","","",""
"1997-06","M","B","143870086","63047125","80822961","","","",""
"1997-07","M","B","172193760","75833760","96359999","","","",""
"1997-07","M","A","28336810","12791127","15545683","","","",""
"1997-08","M","A","27097799","11070423","16027376","","","",""
"1997-08","M","B","199257424","86884763","112372661","","","",""
"1997-09","M","A","28043081","11480443","16562638","","","",""
"1997-09","M","B","227291275","98360126","128931150","","","",""
"1997-10","M","B","257987051","111200498","146786553","","","",""
"1997-10","M","A","30658245","12841635","17816610","","","",""
"1997-11","M","A","28848905","12096962","16751943","","","",""
"1997-11","M","B","286812339","123288867","163523472","","","",""
"1997-12","M","A","38268859","19078477","19190382","","","",""
"1997-12","M","B","325057452","142360809","182696642","","","",""
"1998-01","M","A","21370305","8694589","12675716","","","",""
"1998-01","M","B","21370305","8694589","12675716","","","",""
"1998-02","M","B","42521280","17687963","24833317","","","",""
"1998-02","M","A","21150385","8992710","12157675","","","",""
"1998-03","M","A","27179194","11802083","15377111","","","",""
"1998-03","M","B","69838930","29602076","40236854","","","",""
"1998-04","M","B","97476221","41287209","56189013","","","",""
"1998-04","M","A","27637822","11686014","15951807","","","",""
"1998-05","M","B","123687168","52575512","71111655","","","",""
"1998-05","M","A","26217508","11291004","14926504","","","",""
"1998-06","M","A","27465102","11856266","15608836","","","",""
"1998-06","M","B","151399540","64424215","86975325","","","",""
"1998-07","M","B","179486378","76386609","103099769","","","",""
"1998-07","M","A","28121554","11964112","16157442","","","",""
"1998-08","M","B","205910620","87264977","118645643","","","",""
"1998-08","M","A","26436094","10878866","15557228","","","",""
"1998-09","M","B","232947864","98821731","134126133","","","",""
"1998-09","M","A","27018447","11542862","15475586","","","",""
"1998-10","M","A","26382410","11652677","14729733","","","",""
"1998-10","M","B","259111217","110336589","148774628","","","",""
"1998-11","M","A","27473157","12345575","15127581","","","",""
"1998-11","M","B","286446608","122595029","163851579","","","",""
"1998-12","M","A","37679866","17678591","20001275","","","",""
"1998-12","M","B","323923415","140166302","183757113","","","",""
"1999-01","M","A","21295934","9903327","11392607","","","",""
"1999-01","M","B","21295934","9903327","11392607","","","",""
"1999-02","M","A","19722296","8722242","11000053","","","",""
"1999-02","M","B","41017972","18625603","22392369","","","",""
"1999-03","M","B","70260509","32992767","37267743","","","",""
"1999-03","M","A","29255963","14378027","14877936","","","",""
"1999-04","M","B","98846840","46821425","52025415","","","",""
"1999-04","M","A","28641588","13837405","14804183","","","",""
"1999-05","M","B","128027588","60475196","67552392","","","",""
"1999-05","M","A","29189160","13657217","15531943","","","",""
"1999-06","M","B","157938176","74994511","82943665","","","",""
"1999-06","M","A","29921018","14522955","15398063","","","",""
"1999-07","M","B","189111466","88910311","100201155","","","",""
"1999-07","M","A","31260064","13921401","17338664","","","",""
"1999-08","M","B","220779089","102350699","118428390","","","",""
"1999-08","M","A","31771807","13446470","18325337","","","",""
"1999-09","M","A","33844262","15267999","18576263","","","",""
"1999-09","M","B","254604868","117608974","136995894","","","",""
"1999-10","M","B","286609803","131389864","155219939","","","",""
"1999-10","M","A","32024672","13792756","18231917","","","",""
"1999-11","M","B","322995033","148298492","174696541","","","",""
"1999-11","M","A","36385253","16908628","19476625","","","",""
"1999-12","M","B","360649443","165718009","194931434","","","",""
"1999-12","M","A","37661049","17422392","20238657","","","",""
"2000-01","M","B","32055670","15258393","16797277","","","",""
"2000-01","M","A","32055670","15258393","16797277","","","",""
"2000-02","M","A","28203989","13428609","14775380","","","",""
"2000-02","M","B","60259673","28687151","31572521","","","",""
"2000-03","M","A","37960060","17813579","20146482","","","",""
"2000-03","M","B","98216340","46500753","51715587","","","",""
"2000-04","M","B","137075023","64859816","72215207","","","",""
"2000-04","M","A","38861187","18360795","20500392","","","",""
"2000-05","M","B","174109571","81825698","92283873","","","",""
"2000-05","M","A","37071604","16966429","20105176","","","",""
"2000-06","M","A","42494372","20301402","22192970","","","",""
"2000-06","M","B","216602420","102126812","114475608","","","",""
"2000-07","M","B","257565097","121613083","135952014","","","",""
"2000-07","M","A","40970137","19491628","21478509","","","",""
"2000-08","M","A","44116925","20787740","23329185","","","",""
"2000-08","M","B","301737337","142394118","159343218","","","",""
"2000-09","M","B","345412360","163105004","182307356","","","",""
"2000-09","M","A","43688324","20715034","22973290","","","",""
"2000-10","M","B","387132713","182018645","205114068","","","",""
"2000-10","M","A","41716375","18916401","22799974","","","",""
"2000-11","M","B","430923768","203684423","227239345","","","",""
"2000-11","M","A","43795763","21640881","22154881","","","",""
"2000-12","M","A","43400399","21414250","21986149","","","",""
"2000-12","M","B","474308185","225096566","249211619","","","",""
"2001-01","M","A","32457000","15541000","16916000","2978000","12567000","1715000","15211000"
"2001-01","M","B","32457000","15541000","16916000","2978000","12567000","1715000","15211000"
"2001-02","M","A","37424000","18226000","19199000","3426000","14800000","1981000","17232000"
"2001-02","M","B","69910000","33771000","36139000","6404000","27367000","3696000","32443000"
"2001-03","M","B","113814000","54540000","59274000","10192000","44351000","6275000","52999000"
"2001-03","M","A","43908000","20769000","23139000","3788000","16984000","2579000","20556000"
"2001-04","M","A","44652000","21860000","22792000","4589000","17241000","2122000","20361000"
"2001-04","M","B","158132000","76374000","81757000","14781000","61592000","8397000","73360000"
"2001-05","M","B","197683000","95181000","102502000","18568000","76613000","10477000","92018000"
"2001-05","M","A","39629000","18809000","20821000","3787000","15021000","2080000","18658000"
"2001-06","M","B","241006000","116431000","124574000","22724000","93707000","12492000","112083000"
"2001-06","M","A","43333000","21252000","22081000","4156000","17094000","2015000","20065000"
"2001-07","M","B","284836000","137381000","147455000","26773000","110607000","14815000","132640000"
"2001-07","M","A","43843000","20955000","22888000","4049000","16900000","2323000","20557000"
"2001-08","M","A","45702000","22162000","23540000","4143000","18015000","2059000","21479000"
"2001-08","M","B","330532000","159539000","170994000","30916000","128622000","16874000","154119000"
"2001-09","M","B","376372000","181389000","194983000","34975000","146380000","19088000","175707000"
"2001-09","M","A","45840000","21851000","23989000","4059000","17758000","2214000","21588000"
"2001-10","M","B","417834000","200255000","217579000","38322000","161933000","21138000","196441000"
"2001-10","M","A","41692000","18902000","22791000","3347000","15553000","2050000","20734000"
"2001-11","M","A","44845000","20845000","24000000","3624000","17321000","2403000","21588000"
"2001-11","M","B","462770000","221200000","241570000","41946000","179254000","23541000","218029000"
"2001-12","M","A","46893000","22390000","24503000","3828000","18586000","2812000","21773000"
"2001-12","M","B","509768000","243613000","266155000","45774000","197840000","26353000","239802000"
"2002-01","M","B","40674000","18970000","21703000","3150000","15820000","1787000","19916000"
"2002-01","M","A","40674000","18970000","21703000","3150000","15820000","1787000","19916000"
"2002-02","M","B","75729000","34889000","40840000","5768000","29120000","3568000","37272000"
"2002-02","M","A","35056000","15919000","19137000","2618000","13300000","1781000","17356000"
"2002-03","M","A","46325000","22507000","23818000","3643000","18849000","2118000","21700000"
"2002-03","M","B","122061000","57404000","64658000","9411000","47969000","5686000","58972000"
"2002-04","M","A","52479000","25755000","26725000","4221000","21530000","2370000","24322000"
"2002-04","M","B","174517000","83135000","91382000","13632000","69499000","8056000","83294000"
"2002-05","M","A","47079000","22435000","24644000","3608000","18820000","2012000","32629000"
"2002-05","M","B","221551000","105561000","115991000","17240000","88319000","10068000","115923000"
"2002-06","M","B","270710000","128651000","142059000","21110000","107539000","12274000","129778000"
"2002-06","M","A","49115000","23096000","26019000","3870000","19220000","2206000","13855000"
"2002-07","M","B","326843000","155600000","171243000","25637000","129963000","14754000","156489000"
"2002-07","M","A","56198000","26988000","29210000","4527000","22424000","2480000","26711000"
"2002-08","M","A","56642000","27205000","29437000","4789000","22405000","2397000","27054000"
"2002-08","M","B","383489000","182795000","200694000","30426000","152368000","17151000","183543000"
"2002-09","M","A","61707000","29794000","31913000","4874000","24902000","2629000","29237000"
"2002-09","M","B","445135000","212572000","232564000","35300000","177270000","19780000","212780000"
"2002-10","M","A","55147000","25200000","29946000","4170000","21020000","2480000","27460000"
"2002-10","M","B","500261000","237762000","262499000","39470000","198290000","22260000","240240000"
"2002-11","M","B","560181000","266487000","293694000","44570000","221910000","25250000","268450000"
"2002-11","M","A","59943000","28739000","31205000","5100000","23620000","2990000","28210000"
"2002-12","M","B","620785000","295216000","325569000","49270000","245930000","28480000","297080000"
"2002-12","M","A","60624000","28733000","31891000","4700000","24020000","3230000","28630000"
"2003-01","M","B","60792000","31016000","29776000","5700000","25310000","2370000","27410000"
"2003-01","M","A","60792000","31016000","29776000","5700000","25310000","2370000","27410000"
"2003-02","M","B","109025000","54794000","54231000","10210000","44590000","4820000","49410000"
"2003-02","M","A","48242000","23780000","24462000","4510000","19280000","2450000","22000000"
"2003-03","M","A","64642000","32551000","32091000","5860000","26680000","2820000","29270000"
"2003-03","M","B","173660000","87344000","86316000","16070000","71270000","7640000","78680000"
"2003-04","M","B","243957000","121932000","122025000","22520000","99400000","10600000","111430000"
"2003-04","M","A","70220000","34603000","35617000","6450000","28130000","2960000","32750000"
"2003-05","M","B","309343000","153485000","155858000","28000000","125480000","13170000","142680000"
"2003-05","M","A","65446000","31604000","33842000","5480000","26080000","2570000","31250000"
"2003-06","M","A","66812000","32336000","34476000","5820000","26520000","2880000","31590000"
"2003-06","M","B","376143000","185822000","190321000","33820000","152000000","16050000","174270000"
"2003-07","M","B","450740000","222330000","228410000","39940000","182390000","18840000","209560000"
"2003-07","M","A","74620000","36510000","38110000","6620000","30390000","2790000","35290000"
"2003-08","M","B","522720000","256930000","265790000","46120000","210810000","21500000","244290000"
"2003-08","M","A","72040000","34620000","37420000","6180000","28420000","2660000","34730000"
"2003-09","M","B","606260000","298560000","307700000","53600000","245000000","24500000","283200000"
"2003-09","M","A","83590000","41650000","41940000","7480000","34190000","3000000","38910000"
"2003-10","M","A","76120000","35190000","40930000","5500000","29600000","3000000","37900000"
"2003-10","M","B","682330000","333730000","348600000","59100000","274600000","27500000","321100000"
"2003-11","M","B","760930000","370590000","390340000","65300000","305300000","30600000","359800000"
"2003-11","M","A","78660000","36890000","41760000","6200000","30700000","3100000","38700000"
"2003-12","M","B","851210000","412840000","438370000","72800000","340100000","34800000","403600000"
"2003-12","M","A","90400000","42340000","48070000","7500000","34800000","4200000","43800000"
"2004-01","M","A","71450000","35740000","35720000","7901807","27812633","2385762","33323831"
"2004-01","M","B","71450000","35740000","35720000","7901807","27812633","2385762","33323831"
"2004-02","M","A","76190000","42030000","34160000","8937493","33081691","2614618","31433228"
"2004-02","M","B","147640000","77770000","69870000","16839300","60894325","5000380","64757059"
"2004-03","M","A","92236000","46388000","45848000","9210266","37268688","3071446","42773597"
"2004-03","M","B","239847000","124143000","115704000","26049566","98163012","8071826","107530656"
"2004-04","M","A","96500000","49380000","47120000","10408039","39121177","3141884","43967031"
"2004-04","M","B","336240000","173500000","162740000","36457605","137284189","11213711","151497687"
"2004-05","M","B","423840000","216250000","207590000","45384581","171341331","14602001","192953531"
"2004-05","M","A","87630000","42770000","44870000","8926977","34057142","3388290","41455844"
"2004-06","M","B","522970000","264900000","258080000","56152881","209466472","18247863","239825582"
"2004-06","M","A","99150000","48650000","50500000","10768300","38125140","3645862","46872051"
"2004-07","M","B","623110000","313990000","309120000","65900000","248100000","21590000","287520000"
"2004-07","M","A","99980000","48970000","51000000","9747119","38633528","3342137","47694418"
"2004-08","M","A","98310000","46910000","51400000","9210000","38320000","3200000","48290000"
"2004-08","M","B","722130000","361540000","360590000","75110000","286420000","24790000","335810000"
"2004-09","M","B","828550000","412310000","416240000","85360000","326960000","28480000","387760000"
"2004-09","M","A","106610000","50810000","55800000","10250000","40540000","3690000","51950000"
"2004-10","M","B","926470000","457750000","468720000","94620000","363130000","31920000","436800000"
"2004-10","M","A","97960000","45430000","52530000","9260000","36170000","3440000","49040000"
"2004-11","M","A","111960000","51030000","60930000","11340000","39680000","4020000","56860000"
"2004-11","M","B","1038380000","508770000","529610000","105960000","402810000","35940000","493660000"
"2004-12","M","B","1154740000","561380000","593360000","117300000","444120000","40550000","552820000"
"2004-12","M","A","116490000","52710000","63780000","11340000","41310000","4610000","59160000"
"2005-01","M","B","95060000","44290000","50780000","9633434","34620089","3619608","47106146"
"2005-01","M","A","95060000","44290000","50780000","9633434","34620089","3619608","47106146"
"2005-02","M","B","179460000","84180000","95280000","18853638","65295825","6431122","88574495"
"2005-02","M","A","84450000","39920000","44530000","9220203","30675736","2811514","41468349"
"2005-03","M","B","295200000","139310000","155890000","30935549","108428187","10901348","144951929"
"2005-03","M","A","116010000","55140000","60870000","12081911","43132362","4470226","56377434"
"2005-04","M","B","414920000","196870000","218040000","44223207","152794542","15212663","202732011"
"2005-04","M","A","119710000","57560000","62150000","13287659","44366355","4311316","57780082"
"2005-05","M","B","522780000","246390000","276400000","55827755","190583967","19027604","257352530"
"2005-05","M","A","107870000","49440000","58430000","11604548","37789425","3814941","54620519"
"2005-06","M","B","645030000","302690000","342340000","68782935","233910765","23568982","318770753"
"2005-06","M","A","122240000","56280000","65960000","12955180","43326798","4541378","61418223"
"2005-07","M","A","120760000","55180000","65580000","12811383","42227136","4235101","61349166"
"2005-07","M","B","765900000","357960000","407940000","81680297","276144992","27800710","380137135"
"2005-08","M","B","891110000","415450000","475670000","93997201","321477063","32048973","444201913"
"2005-08","M","A","125600000","57780000","67820000","12424037","45382651","4254316","64145287"
"2005-09","M","B","1024510000","478080000","546420000","107563845","370520144","36097169","510321409"
"2005-09","M","A","132810000","62620000","70190000","13571746","49051377","4046349","66139160"
"2005-10","M","B","1148610000","534120000","614490000","120211768","413908448","39768413","574725606"
"2005-10","M","A","124170000","56080000","68090000","12637617","43438403","3671769","64420241"
"2005-11","M","B","1282270000","595730000","686550000","133691005","462102053","44116790","642523037"
"2005-11","M","A","133750000","61620000","72120000","13467359","48219857","4351589","67866173"
"2005-12","M","A","139810000","64400000","75410000","14007188","50388835","4919925","70492443"
"2005-12","M","B","1422120000","660120000","762000000","147709838","512408694","49038838","712960300"
"2006-01","M","B","120490000","55500000","64990000","13879264","41617564","3875109","61113705"
"2006-01","M","A","120490000","55500000","64990000","13879264","41617564","3875109","61113705"
"2006-02","M","B","226370000","107180000","119190000","26621237","80454491","7071679","112165634"
"2006-02","M","A","105850000","51700000","54150000","12739676","38864774","3195504","50911747"
"2006-03","M","A","144900000","66860000","78050000","16015032","50842100","4693532","73352305"
"2006-03","M","B","371300000","174000000","197300000","42634699","131361057","11766800","185537597"
"2006-04","M","A","143440000","66490000","76950000","15886714","50604641","4307220","72640957"
"2006-04","M","B","514720000","240480000","274230000","58525218","181957737","16072847","258160826"
"2006-05","M","A","133220000","60110000","73110000","15391207","44718523","3991664","69122217"
"2006-05","M","B","647850000","300530000","347320000","73933084","226593747","20062243","327257474"
"2006-06","M","B","795740000","367150000","428590000","90694352","276451316","24293994","404299204"
"2006-06","M","A","148120000","66810000","81310000","16762022","50046278","4233431","77077789"
"2006-07","M","B","941850000","432950000","508900000","105945733","326991893","28448166","480454324"
"2006-07","M","A","146060000","65720000","80340000","15214350","50499164","4156379","76180774"
"2006-08","M","B","1104610000","504980000","599630000","123699552","381277218","33263467","566370106"
"2006-08","M","A","162740000","71970000","90770000","17685522","54284375","4816747","85949254"
"2006-09","M","A","167980000","76340000","91640000","17870455","58472019","4488012","87141476"
"2006-09","M","B","1272610000","581380000","691230000","141645646","439733848","37748309","653471986"
"2006-10","M","A","152430000","64300000","88130000","13559789","50737728","4588838","83538533"
"2006-10","M","B","1424950000","645670000","779290000","155214089","490450532","42333624","736951714"
"2006-11","M","B","1593560000","718520000","875040000","171423769","547091216","47550660","827491810"
"2006-11","M","A","168790000","72930000","95850000","16232426","56694063","5235814","90618683"
"2006-12","M","A","167200000","73100000","94100000","15679954","57416797","5377758","88716298"
"2006-12","M","B","1760690000","791610000","969080000","187141188","604472425","52925432","916147407"
"2007-01","M","A","157360000","70740000","86620000","17116175","53623024","4555850","82063881"
"2007-01","M","B","157360000","70740000","86620000","17116175","53623024","4555850","82063881"
"2007-02","M","A","140440000","58340000","82100000","13980059","44359302","4342590","77753002"
"2007-02","M","B","297810000","129100000","168710000","31107239","97994361","8914536","159796102"
"2007-03","M","A","159990000","76560000","83430000","18204822","58347893","4533870","78890286"
"2007-03","M","B","457740000","205650000","252090000","49316266","156315031","13446425","238630848"
"2007-04","M","B","635730000","286200000","349520000","69751139","216466571","18613254","330884259"
"2007-04","M","A","178020000","80570000","97440000","20432649","60171560","5167656","92282299"
"2007-05","M","A","165650000","71600000","94060000","18652899","52937922","4810009","89255032"
"2007-05","M","B","801340000","357810000","443530000","88417623","269389512","23423118","420109673"
"2007-06","M","B","980930000","434200000","546730000","107991945","326211909","28453388","518271987"
"2007-06","M","A","179630000","76360000","103270000","19533929","56824288","5032024","98236262"
"2007-07","M","B","1172000000","517590000","654410000","129615542","387976551","33309812","621098880"
"2007-07","M","A","191130000","83390000","107740000","21600063","61787126","4860805","102883299"
"2007-08","M","A","197740000","86380000","111360000","22355320","64025384","5136059","106218722"
"2007-08","M","B","1369710000","603980000","765740000","152006110","451971448","38445403","727290268"
"2007-09","M","A","201050000","88570000","112480000","21358790","67208416","5113323","107259726"
"2007-09","M","B","1570830000","692590000","878240000","173377078","519214725","43590988","834542668"
"2007-10","M","A","188400000","80670000","107720000","20148642","60524692","5225005","102498984"
"2007-10","M","B","1759320000","773480000","985840000","193562041","579710221","48811565","937033212"
"2007-11","M","B","1969090000","865480000","1103600000","217786789","646969747","54869169","1048735175"
"2007-11","M","A","208960000","91340000","117620000","24137402","67202154","6052926","111567880"
"2007-12","M","A","206150000","91730000","114420000","25078101","66650880","6641559","107774427"
"2007-12","M","B","2173830000","955820000","1218020000","242977466","712841030","61546916","1156467599"
"2008-01","M","B","199830000","90170000","109650000","27698612","62475834","6006786","103633244"
"2008-01","M","A","199830000","90170000","109650000","27698612","62475834","6006786","103633244"
"2008-02","M","A","166180000","78810000","87370000","25762458","53050675","4627781","82740015"
"2008-02","M","B","365930000","168940000","196990000","53443892","115493791","10634655","186356171"
"2008-03","M","A","204520000","95560000","108960000","30475090","65081052","5498969","103463922"
"2008-03","M","B","570380000","264480000","305900000","83952893","180525821","16132017","289764891"
"2008-04","M","A","220740000","102030000","118710000","31906948","70122390","6303704","112402983"
"2008-04","M","B","791140000","366570000","424570000","115927862","250644647","22436811","402133843"
"2008-05","M","A","220780000","100290000","120500000","34136789","66149273","6803563","113692928"
"2008-05","M","B","1012080000","467030000","545060000","150195414","316831636","29238982","515816166"
"2008-06","M","B","1234170000","567570000","666610000","183994138","383554461","36615220","629636190"
"2008-06","M","A","221710000","100180000","121530000","33453975","66725961","7364852","113814702"
"2008-07","M","A","248070000","111400000","136680000","37352124","74045022","7389267","129285778"
"2008-07","M","B","1482110000","679200000","802910000","221651908","457546973","44019863","758876345"
"2008-08","M","B","1723380000","785690000","937690000","259248750","526442534","51162049","886523245"
"2008-08","M","A","241050000","106180000","134870000","37205566","68972927","7138289","127734386"
"2008-09","M","B","1967130000","893070000","1074060000","294223094","598847564","58413697","1015644392"
"2008-09","M","A","243500000","107070000","136440000","34671219","72394055","7252095","129179993"
"2008-10","M","B","2188670000","986340000","1202330000","322279412","664058801","64878059","1137452888"
"2008-10","M","A","221410000","93090000","128330000","27857007","65230679","6480380","121846648"
"2008-11","M","A","189890000","74900000","114990000","21760410","53137060","5976675","109010610"
"2008-11","M","B","2378370000","1061210000","1317160000","344075681","717134834","70779761","1246381846"
"2008-12","M","B","2561630000","1133090000","1428550000","362775851","770310485","77847587","1350698121"
"2008-12","M","A","183330000","72180000","111160000","18883594","53293592","6800391","104356830"
"2009-01","M","B","141800000","51340000","90450000","13851188","37493076","4851491","85602109"
"2009-01","M","A","141800000","51340000","90450000","13851188","37493076","4851491","85602109"
"2009-02","M","B","266770000","111440000","155330000","29867751","81572375","8469650","146855769"
"2009-02","M","A","124950000","60050000","64890000","16001071","44052587","3619373","61275275"
"2009-03","M","B","428740000","183200000","245540000","49289348","133910136","12983263","232556671"
"2009-03","M","A","162020000","71730000","90290000","19374531","52354581","4526757","85763790"
"2009-04","M","A","170730000","78800000","91930000","21548305","57251382","4821446","87113273"
"2009-04","M","B","599410000","261990000","337420000","70865946","191120958","17802951","319617915"
"2009-05","M","B","763490000","337350000","426140000","92482450","244866328","22340945","403801098"
"2009-05","M","A","164130000","75370000","88760000","21570236","53799120","4535839","84222047"
"2009-06","M","B","946120000","424600000","521530000","116776416","307836010","27444238","494187572"
"2009-06","M","A","182570000","87160000","95410000","24182475","62993616","5141250","90370775"
"2009-07","M","B","1146710000","519620000","627100000","145866713","373750346","32602822","594494377"
"2009-07","M","A","200210000","94790000","105420000","28855950","65934634","5191395","100228845"
"2009-08","M","A","191700000","88000000","103710000","25654328","62340906","5356770","98350238"
"2009-08","M","B","1338650000","607920000","730740000","171764616","436154130","37951486","692784632"
"2009-09","M","B","1557820000","711180000","846650000","201318972","509856285","43818442","802830964"
"2009-09","M","A","218940000","103010000","115940000","29306563","73699307","5869184","110068810"
"2009-10","M","B","1755490000","798130000","957360000","227208635","570923122","49258495","908102077"
"2009-10","M","A","197540000","86780000","110760000","25736984","61037765","5445399","105316985"
"2009-11","M","A","208210000","94560000","113650000","26764780","67795651","6022840","107630590"
"2009-11","M","B","1964000000","893020000","1070980000","254292521","638729753","55281379","1015699210"
"2009-12","M","A","243020000","112290000","130720000","34632050","77661663","7818765","122905116"
"2009-12","M","B","2207270000","1005600000","1201660000","289201834","716353391","63099079","1138564212"
"2010-01","M","B","204780000","95310000","109480000","29655884","65651163","6412722","103062576"
"2010-01","M","A","204780000","95310000","109480000","29655884","65651163","6412722","103062576"
"2010-02","M","B","386400000","182320000","204080000","58325260","123994038","11207480","192874270"
"2010-02","M","A","181430000","86910000","94520000","28661736","58248598","4790747","89731968"
"2010-03","M","A","231460000","119350000","112110000","35643106","83704987","6337995","105773798"
"2010-03","M","B","617850000","301680000","316170000","93985294","207694470","17543108","298625408"
"2010-04","M","B","855990000","419940000","436050000","130166461","289773570","24128183","411923696"
"2010-04","M","A","238160000","118240000","119920000","36154933","82084529","6586327","113334339"
"2010-05","M","A","243990000","112230000","131760000","34754526","77473224","7190154","124570509"
"2010-05","M","B","1100090000","532350000","567740000","165076923","367273277","31294584","536449201"
"2010-06","M","A","254770000","117370000","137400000","37816079","79557647","6703364","130692214"
"2010-06","M","B","1354880000","649790000","705090000","202987691","446803906","37994571","667095153"
"2010-07","M","B","1617050000","766560000","850490000","238245879","528311385","45148112","805341798"
"2010-07","M","A","262310000","116790000","145520000","35191460","81597474","7151069","138368249"
"2010-08","M","A","258570000","119270000","139300000","35335834","83930318","6738160","132564071"
"2010-08","M","B","1875580000","885840000","989740000","273608201","612229407","51881757","937856941"
"2010-09","M","B","2148680000","1014040000","1134640000","313774465","700264457","58783416","1075851955"
"2010-09","M","A","273100000","128110000","144990000","40022500","88087804","6918981","138066304"
"2010-10","M","B","2393410000","1122820000","1270590000","345918018","776896684","65268478","1205321123"
"2010-10","M","A","244810000","108830000","135980000","32152963","76679738","6487246","129491172"
"2010-11","M","A","283760000","130440000","153330000","40942635","89493310","8076885","145248877"
"2010-11","M","B","2677280000","1253430000","1423840000","387027753","866404729","73341618","1350502712"
"2010-12","M","B","2972760000","1394830000","1577930000","432556433","962272276","81716618","1496215634"
"2010-12","M","A","295220000","141070000","154150000","45266149","95802685","8376150","145772746"
"2011-01","M","B","295010000","144270000","150730000","48490288","95782922","8557287","142176864"
"2011-01","M","A","295010000","144270000","150730000","48490288","95782922","8557287","142176864"
"2011-02","M","B","495830000","248360000","247470000","85605284","162777371","13869455","233600466"
"2011-02","M","A","200780000","104040000","96740000","37098062","66965902","5313007","91423119"
"2011-03","M","A","304260000","152060000","152200000","48376008","103684301","9349435","142849636"
"2011-03","M","B","800310000","400660000","399640000","134156176","266482699","23214544","376428020"
"2011-04","M","B","1100320000","545020000","555300000","183416993","361602126","31871735","523428131"
"2011-04","M","A","299950000","144260000","155690000","49122506","95140575","8657729","147026355"
"2011-05","M","A","301270000","144110000","157160000","51456142","92654082","8733168","148424024"
"2011-05","M","B","1401790000","689410000","712380000","235145563","454265297","40600265","671774590"
"2011-06","M","A","301690000","139710000","161980000","48190630","91517568","8140417","153840357"
"2011-06","M","B","1703670000","829370000","874300000","283613224","545755357","48737069","825561472"
"2011-07","M","B","2022550000","973170000","1049380000","333566732","639602058","57319685","992058297"
"2011-07","M","A","318770000","143640000","175130000","49815902","93828525","8577521","166550515"
"2011-08","M","B","2352530000","1129900000","1222630000","388354710","741547748","65727891","1156901045"
"2011-08","M","A","328870000","155560000","173320000","53610404","101946335","8441818","164873878"
"2011-09","M","B","2677440000","1285170000","1392270000","441569163","843602458","74280416","1317989420"
"2011-09","M","A","324830000","155160000","169670000","53119404","102039676","8554368","161118644"
"2011-10","M","A","297950000","140460000","157490000","48678343","91779355","7488545","150002227"
"2011-10","M","B","2975380000","1425680000","1549710000","490287005","935390499","81766672","1467938830"
"2011-11","M","B","3309620000","1585610000","1724010000","547404472","1038204040","90769284","1633238042"
"2011-11","M","A","334400000","159940000","174460000","57076082","102859913","9028168","165435955"
"2011-12","M","A","332920000","158200000","174720000","56980457","101216432","9790308","164927343"
"2011-12","M","B","3642060000","1743460000","1898600000","604376033","1139081865","100552298","1798047542"
"2012-01","M","B","272600000","122660000","149940000","48787978","73873249","8485388","141453725"
"2012-01","M","A","272600000","122660000","149940000","48787978","73873249","8485388","141453725"
"2012-02","M","B","533030000","268640000","264400000","102592797","166044134","15612661","248782588"
"2012-02","M","A","260430000","145950000","114470000","53803050","92150963","7128318","107342302"
"2012-03","M","A","325970000","160310000","165660000","57086348","103224452","8555514","157102586"
"2012-03","M","B","859370000","429360000","430020000","159865002","269341450","24166790","405849924"
"2012-04","M","A","308080000","144830000","163250000","54177560","90646964","7728944","155522768"
"2012-04","M","B","1167180000","573940000","593240000","214026183","359913949","31896853","561343518"
"2012-05","M","B","1510890000","736490000","774400000","273764604","462732112","40671718","733732239"
"2012-05","M","A","343580000","162440000","181140000","59609191","102832249","8696525","172444237"
"2012-06","M","A","328690000","148480000","180200000","51915500","96566865","8126450","172078004"
"2012-06","M","B","1839840000","885460000","954380000","326375115","559089324","48788508","905587261"
"2012-07","M","B","2168370000","1037140000","1131240000","376881586","660254543","56581780","1074655260"
"2012-07","M","A","328730000","151790000","176940000","50515299","101277979","7798394","169141639"
"2012-08","M","A","329290000","151310000","177970000","46538915","104773831","8052938","169920359"
"2012-08","M","B","2497620000","1188510000","1309120000","423483627","765025692","64634496","1244480288"
"2012-09","M","B","2842470000","1347080000","1495390000","473675590","873406884","73197653","1422191117"
"2012-09","M","A","345030000","158680000","186350000","50144802","108535678","8564871","177784639"
"2012-10","M","B","3161570000","1490670000","1670900000","523475314","967135785","81411272","1589489959"
"2012-10","M","A","319150000","143580000","175570000","49697660","93826757","8218335","167352767"
"2012-11","M","A","339130000","159750000","179380000","53445675","106301813","9241771","170138996"
"2012-11","M","B","3500280000","1650370000","1849910000","577016934","1073352014","90627804","1759278385"
"2012-12","M","B","3866760000","1817830000","2048940000","634604813","1183220748","100581089","1948353599"
"2012-12","M","A","366840000","167610000","199230000","57709370","109901875","9947002","189282680"
"2013-01","M","A","345580000","158220000","187370000","56829946","101389366","9494077","177871495"
"2013-01","M","B","345580000","158220000","187370000","56829946","101389366","9494077","177871495"
"2013-02","M","B","609310000","282580000","326730000","102672812","179957270","16258412","310456248"
"2013-02","M","A","263490000","124120000","139370000","45775472","78366303","6771700","132595535"
"2013-03","M","A","365260000","183070000","182190000","54517710","128495387","8864025","173325974"
"2013-03","M","B","974670000","465800000","508870000","157277642","308459565","25122067","483748992"
"2013-04","M","B","1330750000","634880000","695870000","213572793","421311489","34542324","661326113"
"2013-04","M","A","355960000","168900000","187060000","56088461","112811533","9423166","177638307"
"2013-05","M","B","1676250000","797690000","878560000","268731695","528958544","43818474","834743533"
"2013-05","M","A","345110000","162340000","182770000","54783032","107558126","9285286","173480830"
"2013-06","M","B","1997690000","944870000","1052820000","318751076","626117879","51922667","1000899948"
"2013-06","M","A","321510000","147190000","174320000","49956186","97235206","8106320","166209476"
"2013-07","M","B","2351760000","1113020000","1238730000","375782231","737235016","60525342","1178208384"
"2013-07","M","A","354160000","168170000","185990000","57052922","111120444","8604935","177386382"
"2013-08","M","B","2704310000","1275050000","1429260000","428073222","846981247","69354622","1359905345"
"2013-08","M","A","352700000","162090000","190610000","52284201","109805346","8830557","181777745"
"2013-09","M","B","3060370000","1445500000","1614860000","484822168","960669080","77862260","1537000213"
"2013-09","M","A","356080000","170440000","185640000","56814564","113611798","8510220","177133356"
"2013-10","M","A","339700000","154300000","185410000","50738840","103560023","8993427","176412149"
"2013-10","M","B","3399960000","1599750000","1800210000","535531102","1064220085","86853646","1713357167"
"2013-11","M","A","370610000","168400000","202210000","57068624","111335261","9422731","192782071"
"2013-11","M","B","3770490000","1768170000","2002320000","592653775","1175519294","96275092","1906043633"
"2013-12","M","B","4160330000","1950290000","2210040000","657601236","1292687464","107283266","2102735823"
"2013-12","M","A","389840000","182100000","207740000","64977796","117123777","11009068","196733355"
"2014-01","M","B","382390000","175260000","207130000","66730501","108532320","10156653","196975470"
"2014-01","M","A","382390000","175260000","207130000","66730501","108532320","10156653","196975470"
"2014-02","M","B","633570000","312350000","321230000","116259956","196054779","16189213","305024077"
"2014-02","M","A","251180000","137080000","114090000","49523571","87558916","6032638","108061056"
"2014-03","M","A","332520000","162410000","170110000","55051314","107353379","9231821","160876168"
"2014-03","M","B","965880000","474570000","491310000","171257442","303312741","25418786","465884435"
"2014-04","M","B","1324320000","644540000","679780000","232129741","412409469","34557969","645219879"
"2014-04","M","A","358630000","170090000","188540000","60925073","109162904","9142542","179398006"
"2014-05","M","A","355020000","159550000","195470000","55549762","104001427","9499522","185973399"
"2014-05","M","B","1679100000","803900000","875200000","287641284","516259917","44056029","831142553"
"2014-06","M","A","342010000","155220000","186790000","52242213","102981628","8991605","177796932"
"2014-06","M","B","2020860000","959000000","1061860000","339864533","619133028","53039901","1008823290"
"2014-07","M","B","2399660000","1124550000","1275110000","394604872","729944969","62838253","1212272993"
"2014-07","M","A","378480000","165590000","212890000","54726251","110864261","9407563","203483500"
"2014-08","M","A","367090000","158630000","208460000","52229875","106399512","9726092","198739772"
"2014-08","M","B","2766390000","1282930000","1483460000","446642288","836289734","72552909","1410910812"
"2014-09","M","A","396430000","182740000","213690000","54766701","127957407","9031798","204655664"
"2014-09","M","B","3162600000","1465510000","1697090000","501293849","964192888","81581530","1615507221"
"2014-10","M","A","368330000","161460000","206870000","46677572","114783656","10132660","196734055"
"2014-10","M","B","3530570000","1626730000","1903840000","547886673","1078846393","91705607","1812134921"
"2014-11","M","B","3898250000","1782890000","2115360000","594049671","1188837801","101784609","2013582143"
"2014-11","M","A","368850000","157190000","211660000","46324165","110862126","10083235","201579434"
"2014-12","M","B","4303040000","1960290000","2342750000","647440251","1312850047","112705150","2230041401"
"2014-12","M","A","405410000","177900000","227510000","53710702","124189966","10925931","216586613"
"2015-01","M","A","340480000","140230000","200260000","43759586","96466564","9112725","191145311"
"2015-01","M","B","340480000","140230000","200260000","43759586","96466564","9112725","191145311"
"2015-02","M","A","277760000","108570000","169190000","33167165","75404385","6968223","162222323"
"2015-02","M","B","618170000","248760000","369410000","76918555","171841215","16077970","353332782"
"2015-03","M","A","286060000","141490000","144570000","39361836","102125504","7570259","136998298"
"2015-03","M","B","904170000","390230000","513930000","116289418","273943828","23647524","490285056"
"2015-04","M","A","318530000","142200000","176330000","41995969","100200367","8319321","168011495"
"2015-04","M","B","1222510000","532350000","690160000","158188540","374161920","31966779","658189773"
"2015-05","M","B","1544480000","663610000","880870000","194716361","468752196","40363477","839705929"
"2015-05","M","A","322020000","131260000","190750000","36486781","94703365","8401006","181656562"
"2015-06","M","A","337490000","145480000","192010000","43192985","102243678","8454763","183520678"
"2015-06","M","B","1880780000","808760000","1072010000","237822205","570800312","48816073","1023055278"
"2015-07","M","B","2224450000","959620000","1264820000","284359736","675264160","57118451","1207704779"
"2015-07","M","A","347170000","152070000","195100000","46571007","105500568","8305840","186790681"
"2015-08","M","B","2557550000","1096030000","1461520000","323117256","772518869","65633888","1394891896"
"2015-08","M","A","333530000","136650000","196880000","38862826","97765702","8515978","188352269"
"2015-09","M","B","2904140000","1240030000","1664120000","362128203","877895093","74865433","1589249888"
"2015-09","M","A","350770000","145220000","205560000","39057080","106155633","9235895","196318696"
"2015-10","M","A","323190000","130770000","192410000","33795998","96956400","8631630","183764159"
"2015-10","M","B","3226960000","1370520000","1856450000","395869900","974292388","83444366","1771663974"
"2015-11","M","B","3565530000","1513210000","2052320000","431968847","1080770932","93004623","1958401822"
"2015-11","M","A","340380000","143140000","197240000","36113034","106605378","9567727","186895498"
"2015-12","M","B","3958640000","1682070000","2276570000","473012407","1208938479","103977407","2170972436"
"2015-12","M","A","388280000","164100000","224190000","41219966","123074372","10977315","212706186"
"2016-01","M","B","291660000","114190000","177480000","31837490","82061372","8501280","168684426"
"2016-01","M","A","291660000","114190000","177480000","31837490","82061372","8501280","168684426"
"2016-02","M","B","510730000","207410000","303320000","58852939","148560194","14750186","288557136"
"2016-02","M","A","219700000","93550000","126140000","27038524","66513737","6249291","119895450"
"2016-03","M","A","291770000","130960000","160810000","33353864","97602540","8256079","152557247"
"2016-03","M","B","802140000","338210000","463930000","92192918","246012260","23005130","440925982"
"2016-04","M","B","1102060000","465430000","636630000","127468919","337958693","30962713","605506695"
"2016-04","M","A","299960000","127200000","172760000","35203236","91996945","7961114","164796692"
"2016-05","M","B","1410130000","596310000","813810000","164277066","432037077","39495326","774312204"
"2016-05","M","A","312150000","131080000","181060000","36642386","94441472","8595792","172463306"
"2016-06","M","B","1712670000","727190000","985480000","201292614","525846998","47867362","936361389"
"2016-06","M","A","312660000","132280000","180380000","36649763","95625321","8446907","171737063"
"2016-07","M","B","2027760000","860110000","1167650000","238896109","621083599","56901427","1108113296"
"2016-07","M","A","317160000","132430000","184730000","37058696","95356061","9053363","173588754"
"2016-08","M","A","329140000","138540000","190590000","38616524","99926503","9161520","181430792"
"2016-08","M","B","2350970000","998040000","1352930000","277963886","720073845","66043077","1286887134"
"2016-09","M","B","2677670000","1140660000","1537010000","317008932","823432810","74972608","1461898272"
"2016-09","M","A","327030000","142520000","184510000","38825773","103694579","8939537","175558477"
"2016-10","M","A","307300000","129120000","178180000","33948368","95154272","8927772","168939258"
"2016-10","M","B","2981480000","1269930000","1711550000","351015787","918783210","83719932","1618831954"
"2016-11","M","A","349000000","152200000","196810000","41671045","107645747","10381377","183165061"
"2016-11","M","B","3319240000","1422070000","1897170000","392915577","1023953236","94058473","1794885869"
"2016-12","M","A","378020000","168600000","209420000","46756510","121839446","11018269","198286034"
"2016-12","M","B","3684930000","1587480000","2097440000","440156782","1147262597","105069723","1993083610"
"2017-01","M","B","314170000","131410000","182760000","46366077","85042157","9117248","173633029"
"2017-01","M","A","314170000","131410000","182760000","46366077","85042157","9117248","173633029"
"2017-02","M","B","563500000","260690000","302810000","89738924","170947622","15916741","286895587"
"2017-02","M","A","249310000","129230000","120080000","43321599","85905048","6800360","113278607"
"2017-03","M","B","899970000","417180000","482790000","141564168","275618370","25926218","456829174"
"2017-03","M","A","337290000","156680000","180610000","51694413","104989841","10020142","170580526"
"2017-04","M","A","321960000","141960000","180000000","48201469","93754216","8999977","170988339"
"2017-04","M","B","1222140000","559400000","662740000","190006315","369385596","34919479","627780204"
"2017-05","M","A","341250000","150220000","191030000","48855167","101365015","9738108","181275978"
"2017-05","M","B","1562930000","709580000","853350000","239229275","470350619","44648636","808681931"
"2017-06","M","A","350420000","153830000","196590000","45870934","107967378","9839228","186751667"
"2017-06","M","B","1909480000","862210000","1047270000","285426987","576849870","54486534","992785996"
"2017-07","M","B","2249930000","1009120000","1240810000","329197436","679641252","64190248","1176316636"
"2017-07","M","A","340550000","146910000","193650000","43795264","103081031","9706681","183894470"
"2017-08","M","A","356470000","157240000","199230000","45977391","111445772","9791312","189551121"
"2017-08","M","B","2601250000","1164900000","1436350000","375102714","789981110","73935836","1362702413"
"2017-09","M","B","2969330000","1336870000","1632450000","425021169","911259943","82983759","1549436581"
"2017-09","M","A","368050000","169790000","198260000","50116490","119509260","9400810","188830406"
"2017-10","M","B","3307220000","1486220000","1820990000","468927320","1017284700","92728263","1728265163"
"2017-10","M","A","339790000","150810000","188980000","43649940","107144745","9752875","179226855"
"2017-11","M","A","394550000","177170000","217380000","53301304","123866639","12544818","204837197"
"2017-11","M","B","3703150000","1663580000","2039570000","522806335","1140778183","105229106","1934337142"
"2017-12","M","A","408890000","177100000","231790000","53835954","123275728","12820505","218975868"
"2017-12","M","B","4104470000","1840980000","2263490000","577064189","1263917664","117709473","2145812524"
"2018-01","M","A","380700000","180180000","200520000","60418047","119724265","10713061","189778374"
"2018-01","M","B","380700000","180180000","200520000","60418047","119724265","10713061","189778374"
"2018-02","M","A","309490000","137880000","171620000","47935245","89929546","8308792","163307599"
"2018-02","M","B","690370000","318030000","372350000","108373929","209644905","19029624","353313687"
"2018-03","M","B","1042150000","496880000","545270000","164207828","332671546","30258649","515007627"
"2018-03","M","A","353230000","179100000","174120000","55717952","123386308","11188785","162932698"
"2018-04","M","A","372090000","171650000","200440000","55026212","116626975","11209139","188826175"
"2018-04","M","B","1414710000","668980000","745730000","219672623","449304109","41511806","703214505"
"2018-05","M","B","1814450000","857390000","957060000","281837709","575548059","53586262","903467804"
"2018-05","M","A","400820000","187950000","212870000","61676393","126271385","12069442","200799885"
"2018-06","M","B","2205850000","1033100000","1172750000","339523006","693559650","64900590","1106758199"
"2018-06","M","A","391870000","175130000","216740000","57133973","117993297","11275037","205322104"
"2018-07","M","B","2608220000","1221060000","1387160000","398990159","822067216","76306728","1310851655"
"2018-07","M","A","403080000","187520000","215570000","58972122","128543494","11384815","204180569"
"2018-08","M","B","3015040000","1410690000","1604350000","460637570","949974005","87713710","1516548224"
"2018-08","M","A","406950000","189520000","217430000","61470452","128015331","11356666","206015542"
"2018-09","M","A","421680000","195000000","226690000","59906708","135077727","10768415","215918400"
"2018-09","M","B","3431930000","1605280000","1826650000","520513546","1084746334","98343382","1728301593"
"2018-10","M","A","400550000","183270000","217280000","59237521","123137458","11323056","205891417"
"2018-10","M","B","3835480000","1790640000","2044840000","580105072","1209644359","109680116","1935056265"
"2018-11","M","B","4244480000","1972440000","2272040000","642981505","1329746024","122092346","2150005825"
"2018-11","M","A","410080000","182670000","227420000","62752688","119987621","12367865","214981715"
"2018-12","M","B","4623038000","2135637000","2487401000","701612514","1434024780","135085826","2352021246"
"2018-12","M","A","385443000","164194000","221249000","58532366","105661202","12939672","208210070"
"2019-01","M","B","395976000","178410000","217567000","63770836","114638956","11425608","206141034"
"2019-01","M","A","395976000","178410000","217567000","63770836","114638956","11425608","206141034"
"2019-02","M","B","662486000","309305000","353181000","112416135","196889301","18490551","334690226"
"2019-02","M","A","266320000","131120000","135201000","48843394","82276149","7071730","128128899"
"2019-03","M","A","364640000","165984000","198656000","55160347","110824025","12081582","186574208"
"2019-03","M","B","1027148000","475408000","551741000","167695344","307712371","30542418","521198224"
"2019-04","M","B","1399807000","655207000","744599000","230980612","424226850","41602610","702996479"
"2019-04","M","A","373129000","179648000","193481000","62925663","116722057","11155127","182326133"
"2019-05","M","B","1786210000","827869000","958341000","293792149","534076929","52490779","905850597"
"2019-05","M","A","386033000","172188000","213845000","62245773","109941797","10852323","202993094"
"2019-06","M","B","2161148000","989995000","1171153000","351645396","638349421","63695431","1107457571"
"2019-06","M","A","374696000","161860000","212836000","57499498","104360293","11179504","201656359"
"2019-07","M","B","2560024000","1167387000","1392638000","415634740","751733903","74939312","1317698423"
"2019-07","M","A","398495000","176941000","221554000","63426951","113495794","11228974","210324934"
"2019-08","M","B","2954790000","1347763000","1607028000","480086889","867655164","84915508","1522112318"
"2019-08","M","A","394746000","179960000","214786000","63896279","116060747","9998374","204787761"
"2019-09","M","A","396598000","178475000","218123000","60613211","117861632","11351096","206772006"
"2019-09","M","B","3351781000","1526675000","1825106000","541149700","985504895","96277313","1728828460"
"2019-10","M","B","3735342000","1697419000","2037923000","601201817","1096196888","107316112","1930606248"
"2019-10","M","A","382814000","169898000","212916000","59624820","110273255","11037878","201877415"
"2019-11","M","A","404748000","183411000","221337000","62846929","120564085","13017640","208319794"
"2019-11","M","B","4142072000","1881977000","2260095000","664361934","1216846283","120333757","2138706344"
"2019-12","M","A","429325000","191057000","238268000","64444938","126236838","13598318","224048565"
"2019-12","M","B","4576126000","2077097000","2499029000","728941651","1343498702","133935872","2359988478"
"2020-01","M","A","368492000","156901000","211591000","64695915","92205210","10725668","200865207"
"2020-01","M","B","368492000","156901000","211591000","64695915","92205210","10725668","200865207"
"2020-02","M","B","591372000","299401000","291971000","119835628","179565087","17479675","274491487"
"2020-02","M","A","222880000","142500000","80380000","55139713","87359878","6754006","73626280"
"2020-03","M","A","350359000","165213000","185146000","53782361","111430747","12186413","172959865"
"2020-03","M","B","943006000","464974000","478032000","173593114","291381206","29729162","448302654"
"2020-04","M","A","355134000","154901000","200234000","50452032","104448548","11058448","189175198"
"2020-04","M","B","1298176000","619955000","678220000","224030138","395925355","40464054","637755979"
"2020-05","M","A","350700000","143887000","206813000","46778498","97108248","8550606","198262219"
"2020-05","M","B","1648617000","763629000","884988000","270562309","493067042","48878849","836109236"
"2020-06","M","A","380727000","167153000","213574000","53309270","113843708","8307278","205266896"
"2020-06","M","B","2029692000","930946000","1098746000","324028484","606917694","57118380","1041627868"
"2020-07","M","B","2442626000","1106248000","1336378000","381731620","724516443","65758153","1270619605"
"2020-07","M","A","412933000","175302000","237631000","57703136","117598738","8639773","228991506"
"2020-08","M","A","411593000","176334000","235259000","56098569","120235230","8925799","226332764"
"2020-08","M","B","2854219000","1282582000","1571637000","437830189","844751674","74683953","1496952369"
"2020-09","M","B","3296735000","1485341000","1811395000","499629173","985711617","84023378","1727368218"
"2020-09","M","A","442517000","202759000","239758000","61798984","140960063","9339426","230415850"
"2020-10","M","B","3712657000","1664080000","2048577000","555935661","1108144554","93885132","1954688665"
"2020-10","M","A","415922000","178739000","237183000","56306488","122432937","9861754","227320447"
"2020-11","M","B","4173405000","1856753000","2316651000","614461467","1242291648","104407880","2212243293"
"2020-11","M","A","460747000","192673000","268074000","58525806","134147094","10522748","257551346"
"2020-12","M","B","4646257000","2055612000","2590646000","677073750","1378537920","115470832","2475174625"
"2020-12","M","A","485682000","203754000","281928000","62617911","141136044","11073339","270854387"
"2021-01","M","B","462659000","198640000","264019000","68924784","129715428","10599783","253418707"
"2021-01","M","A","462659000","198640000","264019000","68924784","129715428","10599783","253418707"
"2021-02","M","A","371831000","166975000","204855000","63684168","103291163","8369922","196485253"
"2021-02","M","B","834490000","365616000","468874000","132608952","233006591","18969705","449903960"
"2021-03","M","B","1303602000","593624000","709978000","213397390","380226757","30525121","679453019"
"2021-03","M","A","468470000","227336000","241134000","80149125","147187072","11471438","229662720"
"2021-04","M","B","1789485000","815790000","973695000","291429027","524360808","42554547","931140952"
"2021-04","M","A","484987000","221064000","263924000","76983175","144080412","11983827","251939967"
"2021-05","M","A","482305000","218383000","263922000","79701929","138680840","11517785","252404561"
"2021-05","M","B","2271749000","1034152000","1237597000","371130955","663020948","54072333","1183524787"
"2021-06","M","A","511308000","229891000","281417000","83022083","146868524","12412730","269004447"
"2021-06","M","B","2785204000","1266843000","1518360000","456821113","810022133","66569448","1451790828"
"2021-07","M","A","508736000","226073000","282662000","84309632","141763856","11466546","271195797"
"2021-07","M","B","3295630000","1494756000","1800875000","542974359","951781194","78066510","1722808228"
"2021-08","M","A","530300000","235984000","294315000","90520006","145464241","11088883","283226596"
"2021-08","M","B","3827790000","1732649000","2095141000","635363522","1097285702","89208254","2005932874"
"2021-09","M","B","4374110000","1973287000","2400823000","722329096","1250958031","101025380","2299797904"
"2021-09","M","A","544717000","238980000","305737000","85376641","153602865","11793773","293943568"
"2021-10","M","B","4891638000","2190501000","2701136000","798885096","1391616376","112975997","2588160170"
"2021-10","M","A","515903000","215682000","300221000","74960676","140720921","11849362","288372056"
"2021-11","M","A","579339000","253814000","325525000","89930919","163882962","13440742","312084544"
"2021-11","M","B","5471180000","2444733000","3026447000","889265807","1555467094","126526171","2899921277"
"2021-12","M","A","586534000","246035000","340499000","88083396","157951977","13445141","327053638"
"2021-12","M","B","6051489000","2687529000","3363959000","977061837","1710467568","140028961","3223930467"
"2022-01","M","A","569200000","241914000","327286000","92655993","149258347","13540042","313745912"
"2022-01","M","B","569200000","241914000","327286000","92655993","149258347","13540042","313745912"
"2022-02","M","B","973450000","428747000","544702000","162624376","266122828","22646099","522056359"
"2022-02","M","A","404249000","186833000","217417000","69968383","116864481","9106057","208310447"
"2022-03","M","A","504789000","228704000","276085000","85732783","142971477","12506858","263577755"
"2022-03","M","B","1478900000","657978000","820921000","248837367","409140975","35321923","785599291"
"2022-04","M","A","496120000","222501000","273620000","93231141","129269446","13089582","260530082"
"2022-04","M","B","1975777000","881425000","1094352000","343281441","538143078","48524971","1045827265"
"2022-05","M","B","2514681000","1112112000","1402569000","445396286","666715620","62618906","1339950313"
"2022-05","M","A","537736000","229491000","308245000","100907647","128583077","14004045","294240841"
"2022-06","M","B","3079125000","1346845000","1732280000","538619162","808225643","76573728","1655706154"
"2022-06","M","A","564587000","233323000","331264000","91411977","141910878","13817947","317446250"
"2022-07","M","A","564661000","231697000","332964000","92380074","139316919","14195816","318768441"
"2022-07","M","B","3643069000","1580385000","2062684000","632994145","947390374","90868504","1971815595"
"2022-08","M","A","550448000","235527000","314921000","93524868","142002297","15718466","299202039"
"2022-08","M","B","4191416000","1815445000","2375970000","727245323","1088200076","106580739","2269389520"
"2022-09","M","B","4752035000","2053441000","2698594000","819635178","1233805761","123193660","2575400402"
"2022-09","M","A","560767000","238012000","322755000","92290081","145721670","16651553","306103780"
"2022-10","M","A","511590000","213218000","298372000","83965723","129252178","13764879","284606868"
"2022-10","M","B","5256800000","2264551000","2992249000","903163302","1361388168","136966200","2855282680"
"2022-11","M","A","521753000","226253000","295501000","95220148","131032454","15780816","279719954"
"2022-11","M","B","5777534000","2489321000","3288213000","997409345","1491911379","152790077","3135423138"
"2022-12","M","A","534145000","228066000","306079000","93176232","134889939","17168771","288909995"
"2022-12","M","B","6309600000","2715999000","3593601000","1089675871","1626322883","169606101","3423995349"
"2023-01","M","B","484487000","192211000","292276000","89446625","102764653","14533094","277742450"
"2023-01","M","A","484487000","192211000","292276000","89446625","102764653","14533094","277742450"
"2023-02","M","A","411231000","197205000","214026000","82979533","114225283","13359707","200666105"
"2023-02","M","B","895717000","389416000","506301000","172426159","216989936","27892801","478408555"
"2023-03","M","A","542988000","227399000","315589000","95232739","132165872","15051835","300537502"
"2023-03","M","B","1438954000","617123000","821831000","267962388","349161076","42932850","778898111"
"2023-04","M","A","500628000","205210000","295418000","87547498","117662292","12387700","283030281"
"2023-04","M","B","1939720000","822763000","1116957000","355931262","466831700","55200457","1061756317"
"2023-05","M","A","501176000","217692000","283484000","98006650","119685368","13117157","270366848"
"2023-05","M","B","2441217000","1040877000","1400340000","454474057","586402762","68248640","1332091120"
"2023-06","M","B","2918168000","1254738000","1663430000","546235804","708502189","80462393","1582967456"
"2023-06","M","A","500024000","214702000","285322000","91254952","123447217","12337854","272983785"
"2023-07","M","B","3400239000","1455336000","1944903000","628256921","827079354","93598928","1851303580"
"2023-07","M","A","482915000","201159000","281756000","81730599","119428804","13250802","268505197"
"2023-08","M","B","3893225000","1669986000","2223239000","719979783","950006246","107383153","2115856205"
"2023-08","M","A","501384000","216593000","284791000","91763201","124829526","14031717","270759248"
"2023-09","M","B","4410194000","1889887000","2520308000","808379250","1081507325","121473123","2398834668"
"2023-09","M","A","520428000","221298000","299130000","89265573","132032615","14099008","285030669"
"2023-10","M","B","4899956000","2107958000","2791998000","898096679","1209861678","135180559","2656817079"
"2023-10","M","A","493126000","218299000","274827000","89921001","128377926","13692930","261134110"
"2023-11","M","B","5406638000","2329256000","3077382000","987971234","1341284579","149907586","2927474161"
"2023-11","M","A","515474000","223539000","291935000","90105453","133433868","14788170","277146360"
"2023-12","M","B","5936826000","2556802000","3380024000","1085413818","1471388002","164096218","3215928262"
"2023-12","M","A","531896000","228278000","303618000","97283839","130994153","14371681","289246664"
"2024-01","M","A","530011000","222277000","307735000","92906603","129370191","13890285","293844333"
"2024-01","M","B","530011000","222277000","307735000","92906603","129370191","13890285","293844333"
"2024-02","M","B","930865000","402851000","528014000","173987395","228863205","23924992","504088952"
"2024-02","M","A","400853000","180574000","220279000","81080792","99493014","10034707","210244619"
"2024-03","M","B","1431335000","623839000","807497000","264115028","359723721","38179831","769316719"
"2024-03","M","A","500812000","221131000","279682000","90034993","131095618","14311557","265370118"
"2024-04","M","A","512555000","220102000","292453000","90989625","129112184","13154811","279298687"
"2024-04","M","B","1943481000","843910000","1099570000","355285801","488624654","51288625","1048281736"
"2024-05","M","B","2464320000","1063557000","1400763000","448101536","615455221","65034579","1335728437"
"2024-05","M","A","522074000","219726000","302348000","92734684","126991214","13797580","288550439"
"2024-06","M","A","516662000","208808000","307855000","87998804","120809179","13887693","293966812"
"2024-06","M","B","2980143000","1272576000","1707567000","536403513","736172181","78806793","1628760209"
"2024-07","M","A","516466000","215910000","300557000","87534504","128375096","13227056","287329470"
"2024-07","M","B","3495041000","1488520000","2006521000","624317626","864202010","92004324","1914517009"
"2024-08","M","B","4021035000","1706269000","2314766000","718581103","987687964","105775502","2208990391"
"2024-08","M","A","526273000","217626000","308647000","93974282","123651425","13822258","294825004"
"2024-09","M","A","525714000","222002000","303712000","88033616","133967995","13349008","290363126"
"2024-09","M","B","4545818000","1928158000","2617660000","806762915","1121394808","118987888","2498672404"
"2024-10","M","B","5067646000","2141191000","2926455000","888397148","1252793390","132178617","2794276787"
"2024-10","M","A","522398000","213340000","309058000","81725978","131613626","13268804","295789620"
"2024-11","M","B","5596743000","2356034000","3240708000","972418129","1383616129","146988589","3093719738"
"2024-11","M","A","527178000","214867000","312310000","84218524","130648803","14989374","297321092"
"2024-12","M","A","566416000","230789000","335627000","89029536","141759590","14524893","321102145"
"2024-12","M","B","6162289000","2585067000","3577222000","1060993609","1524073058","161384822","3415837206"
"2025-01","M","A","510740000","185972000","324768000","81542488","104429404","13131559","311636713"
"2025-01","M","B","510740000","185972000","324768000","81542488","104429404","13131559","311636713"
"2025-02","M","B","909366000","369426000","539941000","158197838","211227760","23398439","516542352"
"2025-02","M","A","398626000","183454000","215173000","76655350","106798356","10266880","204905639"
"2025-03","M","B","1434367000","580700000","853667000","239618993","341081064","37812698","815854744"
"2025-03","M","A","525181000","211269000","313912000","81305377","129963953","14583077","299328716"
"2025-04","M","B","1969369000","800306000","1169063000","324334294","475971880","50915069","1118148251"
"2025-04","M","A","535205000","219512000","315692000","84626429","134885799","13222418","302469957"
